0.000000000000000000e+00,0.000000000000000000e+00,0.000000000000000000e+00,0.000000000000000000e+00,0.000000000000000000e+00,0.000000000000000000e+00
-3.059299520852083898e+00,-3.673236559997867356e+00,-4.111484413213465139e+00,-1.481058657851554994e+00,9.613959568665748634e+00,-1.020349403161698376e+01
-2.898188946412052491e-01,-6.455716986269388613e-01,-1.911061770555624317e+00,-1.627077029951669029e+00,1.411871137366596329e+01,-4.162028024687513650e+00
-3.524456499643061846e+00,-1.806926918053480158e+00,-3.493402866457998357e+00,-5.573675685485139919e-01,1.072853426397872134e+01,-4.737839005654086222e+00
-7.278159871911292100e+00,-7.306079979322722018e+00,-7.328804002170960175e+00,-7.258576271157652471e+00,-1.041305670806502093e+01,-1.076641269467307538e+01
0.000000000000000000e+00,0.000000000000000000e+00,0.000000000000000000e+00,0.000000000000000000e+00,0.000000000000000000e+00,0.000000000000000000e+00
-7.398585397329968671e+00,-7.483043626473381060e+00,-7.478780726669430834e+00,-7.399968956873582471e+00,-1.010915608808860355e+01,-9.002908902302044325e+00
-5.078231985972213813e+00,-5.096332703433819056e+00,-5.097300520538810886e+00,-5.156667163269381682e+00,-7.948839231697899521e+00,-8.217827262188198034e+00
-3.364200096812906438e+00,-3.821864491639351602e+00,-3.881523359626099179e+00,-3.858761754382748155e+00,-9.844926386008935992e+00,-5.965376476060189503e+00
-5.806607964497668917e+00,-6.664702613912487195e+00,-6.643542881025555680e+00,-6.632387624572361418e+00,-1.178911136018649941e+01,-1.143649095054466613e+01
0.000000000000000000e+00,0.000000000000000000e+00,0.000000000000000000e+00,0.000000000000000000e+00,0.000000000000000000e+00,0.000000000000000000e+00
-5.114429920455408229e+00,-5.982763006661198979e+00,-6.061479557695748532e+00,-6.038817966824886696e+00,-1.006965967104351023e+01,-1.176146497846135652e+01
-6.780040588228117393e+00,-6.768254301864436329e+00,-6.857043943558681853e+00,-6.826362335357137212e+00,-1.108944600172190320e+01,-1.094235396859787102e+01
-4.838939033655031530e+00,-4.845200486838125542e+00,-4.855545780850500037e+00,-4.851149060985507688e+00,-7.289593340287686907e+00,-5.747157937015641593e+00
-6.795470384509846085e+00,-6.820002983292435594e+00,-6.824202438341488985e+00,-6.801189209695663429e+00,-1.017014857573170872e+01,-9.255320604811632990e+00
0.000000000000000000e+00,0.000000000000000000e+00,0.000000000000000000e+00,0.000000000000000000e+00,0.000000000000000000e+00,0.000000000000000000e+00
1.023696623088952862e+01,7.372270359899411041e+00,1.570133357930351803e+00,4.180307310750208671e+00,8.516801610045876547e-01,1.999999999999998934e+01
1.072799430049111358e+01,-3.414361695581218825e+00,-3.414515487795402926e+00,-3.197478070927024074e+00,-7.187023011001713257e+00,-2.232318993268132878e+00
1.527151024358049014e+01,3.780551585480562693e-01,-1.251565638441169526e+00,1.356556777988169094e+00,-1.858668173602855855e+00,1.595169120255558903e+00
1.184770292200188102e+01,-1.273617714833984227e+00,-2.593718592694717717e+00,-2.688171965443550526e+00,-6.399122331835450872e+00,-3.522085491917854583e-01
0.000000000000000000e+00,0.000000000000000000e+00,0.000000000000000000e+00,0.000000000000000000e+00,0.000000000000000000e+00,0.000000000000000000e+00
-4.629302119926665071e+00,-4.600064294140040921e+00,-4.659522785567823178e+00,5.426983714227663347e-01,-8.397814685703638204e+00,-9.265908501584419810e+00
-2.128070147574542492e+00,-2.166667775528313911e+00,-2.227351010551040567e+00,5.018427200168416036e+00,-7.010242918748090801e+00,-7.484395978322117671e+00
-3.836159395921555859e+00,-3.889360241579599364e+00,-3.869107935211991034e+00,2.611497005729431997e+00,-7.674086451463717040e+00,-7.057414892672131401e+00
-7.164799977517040119e+00,-7.270880184335932306e+00,-7.279621877613290160e+00,-7.234635598869517459e+00,-1.216944248197963141e+01,-1.037018587474904763e+01
0.000000000000000000e+00,0.000000000000000000e+00,0.000000000000000000e+00,0.000000000000000000e+00,0.000000000000000000e+00,0.000000000000000000e+00
-7.344507015108296955e+00,-7.415106820741696581e+00,-7.362062821252673750e+00,-7.375716363216395344e+00,-9.166371561583884997e+00,-8.578499412393814083e+00
-4.061058379065860535e+00,-4.999085369241646148e+00,-4.994999718865653193e+00,-5.068606201569510361e+00,-5.607086389745354005e+00,-7.893566990684946383e+00
-3.927529547613806127e+00,-4.002353399218963048e+00,-4.013672404426849027e+00,-3.959386168269966699e+00,-9.719161657172236346e+00,-9.180469503388502872e+00
-6.480953650514742037e+00,-6.573019272118621359e+00,-6.595377176328001134e+00,-6.591547688794651805e+00,-1.039534799915622898e+01,-9.588750195999931947e+00
0.000000000000000000e+00,0.000000000000000000e+00,0.000000000000000000e+00,0.000000000000000000e+00,0.000000000000000000e+00,0.000000000000000000e+00
-5.709848382994582749e+00,-6.162480151185757649e+00,-6.209220828586464513e+00,-6.132194484730465689e+00,-9.526605524158956229e+00,-9.894499937703919556e+00
-5.611378836849416629e+00,-6.664887494787692823e+00,-6.666605966567851205e+00,-6.640433391018222054e+00,-1.129225317934153949e+01,-9.704541201004818873e+00
-3.876933981699889564e+00,-4.868416869657608892e+00,-4.800228865300112169e+00,-4.829717649874884167e+00,-6.728478562683757325e+00,-8.929505912450469651e+00
-6.375369814431556037e+00,-6.631244937463060651e+00,-6.677042509482379984e+00,-6.711679130210436384e+00,-9.292820088071412243e+00,-9.063937368203564660e+00
0.000000000000000000e+00,0.000000000000000000e+00,0.000000000000000000e+00,0.000000000000000000e+00,0.000000000000000000e+00,0.000000000000000000e+00
-3.974895849342294785e-01,1.814568757238926577e-01,1.821598745638382533e-01,8.568090960364994402e+00,-3.265437611439999888e+00,-1.456578753980107388e+00
-2.755478635065871540e+00,-3.002139931714071341e+00,-2.949772162688271582e+00,-3.005656936589665928e+00,-6.805114657415148649e+00,-8.374285662935065488e+00
-1.065404095591058198e+00,-1.057115077734622988e+00,-1.066075076188419235e+00,4.649703958974145124e-01,-4.203363290352755577e+00,-3.572950492691290059e+00
-1.399285665796931699e+00,-2.243043968449697445e+00,-2.166654596133107180e+00,-2.171688718907288873e+00,-4.995928484636625200e+00,-8.423640841530692924e+00
0.000000000000000000e+00,0.000000000000000000e+00,0.000000000000000000e+00,0.000000000000000000e+00,0.000000000000000000e+00,0.000000000000000000e+00
-6.737172372784303143e+00,-7.197258179067875794e+00,-7.221533213621510683e+00,-7.250148627784372302e+00,-1.099205173636714861e+01,-1.084984512065161510e+01
-3.192965698856394141e+00,-4.394127919733857190e+00,-4.398793577427529300e+00,-4.375411317200856409e+00,-5.006651505106419542e+00,-8.054338873000014942e+00
-5.889463414188750079e+00,-6.449169932302988961e+00,-6.498911784507713563e+00,-6.508119066370238848e+00,-7.102546496714095881e+00,-8.406364371927145029e+00
-4.814924831986195031e+00,-4.826028579169923560e+00,-2.250391541067627177e+00,-4.858153937193518068e+00,-9.030063607235391032e+00,-8.807441995290009373e+00
0.000000000000000000e+00,0.000000000000000000e+00,0.000000000000000000e+00,0.000000000000000000e+00,0.000000000000000000e+00,0.000000000000000000e+00
-4.971320658473823428e+00,-4.994599289251195451e+00,6.431725547230721318e+00,-4.946548261169297689e+00,-8.480682140827557447e+00,-1.014230227972535303e+01
-2.807694412444728282e+00,-2.832011468955306199e+00,-4.296469782937530901e-01,-2.829813881514972262e+00,-7.303555775446579190e+00,-8.131751340774167502e+00
-4.908419049689110025e+00,-5.047968332390528445e+00,-5.057870610352562579e+00,-5.072396750982523628e+00,-5.896951342702830168e+00,-9.169949435842523755e+00
-6.688252050166442864e+00,-8.108190530920591499e+00,-8.145138595612726462e+00,-8.152847946696558878e+00,-1.013727809872640151e+01,-1.007449663231180281e+01
0.000000000000000000e+00,0.000000000000000000e+00,0.000000000000000000e+00,0.000000000000000000e+00,0.000000000000000000e+00,0.000000000000000000e+00
-5.964661129654381000e+00,-7.276023928284364395e+00,-7.303424445177546076e+00,-7.310484799552815716e+00,-1.010364026068867105e+01,-8.775870288696744126e+00
-5.468149188786322057e+00,-5.611770731475551166e+00,-5.592385380599769640e+00,-5.568390782900240588e+00,-1.058191195404964446e+01,-1.026542788089509273e+01
-3.677034244880717395e+00,-3.782575121892203462e+00,-3.792987858549558222e+00,-3.813179796055440107e+00,-4.970121834742167621e+00,-7.265387919140634310e+00
-5.458622971494513365e+00,-5.506651724520939872e+00,-4.942580129519329013e+00,-5.433972435331750006e+00,-9.772329241663905819e+00,-9.739366809571414763e+00
0.000000000000000000e+00,0.000000000000000000e+00,0.000000000000000000e+00,0.000000000000000000e+00,0.000000000000000000e+00,0.000000000000000000e+00
5.568432324801678490e+00,-2.046407091799418154e+00,-2.088789302616317567e+00,-2.079453486113564065e+00,-5.569027671172352534e+00,-6.727524354267488960e+00
-6.498158784727793291e-01,-3.965590900000000030e-01,-2.695281508000000326e-01,-4.839183999999999708e-01,-1.927809100000000164e+00,-3.499856290000000314e+00
-2.185146639760362941e+00,-2.215632958750771930e+00,-2.281507667006510864e+00,-2.238372532164936590e+00,-5.726189502792574437e+00,-6.774243641357524659e+00
-1.050321090688277392e+00,-1.079859856681331776e+00,-1.108976485543981205e+00,-1.143283716404387418e+00,-1.952888442309999917e+00,-1.997103229040492423e+00
0.000000000000000000e+00,0.000000000000000000e+00,0.000000000000000000e+00,0.000000000000000000e+00,0.000000000000000000e+00,0.000000000000000000e+00
-7.402915163986244274e+00,-7.437597729225688070e+00,-7.503593752984373921e+00,-7.462776295349836886e+00,-1.029806445765531109e+01,-1.117155416186738037e+01
-4.533443673048632938e+00,-4.597408622210603646e+00,-4.607579678209095420e+00,-4.567034910356295718e+00,-8.009484088742276242e+00,-9.025827077627722517e+00
-6.408926607111032681e+00,-6.736280753395670118e+00,-6.771904819335803793e+00,-6.748977524633509084e+00,-7.969591096023889598e+00,-1.019460975742394560e+01
-4.421780144099095367e+00,-4.052417133973786001e+00,4.005645787210777797e+00,-4.329022028076609629e+00,-8.226284788645575219e+00,-8.949297249081695327e+00
0.000000000000000000e+00,0.000000000000000000e+00,0.000000000000000000e+00,0.000000000000000000e+00,0.000000000000000000e+00,0.000000000000000000e+00
-4.532209242349395595e+00,-4.518548549340301257e+00,8.324729525305684774e+00,-4.545377216206476945e+00,-8.253419590457198751e+00,-1.085292926565064064e+01
-1.341461787640114256e+00,-2.547939091983448812e+00,8.194800756183632018e+00,-2.484383417736359068e+00,-5.511090014992483965e+00,-2.824723864725803057e+00
-5.256603770360580796e+00,-5.280140262071974178e+00,-5.266344136001939624e+00,-5.185404329380531863e+00,-7.524176541712862765e+00,-9.466810510061467454e+00
-8.183657170672422154e+00,-8.303179242080632960e+00,-8.345801284525505181e+00,-8.324525965749025147e+00,-1.217631394750835483e+01,-1.088150371785891757e+01
0.000000000000000000e+00,0.000000000000000000e+00,0.000000000000000000e+00,0.000000000000000000e+00,0.000000000000000000e+00,0.000000000000000000e+00
-7.370030343133682216e+00,-7.564518231494302469e+00,-7.597543962155768327e+00,-7.544264578249391562e+00,-1.070279696807502923e+01,-9.313944249421693300e+00
-4.214647623402973942e+00,-5.414014191721453706e+00,-5.364626687994140219e+00,-5.404943217155911306e+00,-9.455510390582031022e+00,-1.104093309268717071e+01
1.130104747712030289e+00,-3.605118627069148651e+00,-3.582510948049941746e+00,-3.585087615485169188e+00,-5.315891438456618268e+00,-3.712714198305985036e+00
8.396585606551210113e-03,-5.129909336661000907e+00,-5.254740944128906577e+00,-5.302909958154246262e+00,-1.018687256295181953e+01,-8.407003391343820908e+00
0.000000000000000000e+00,0.000000000000000000e+00,0.000000000000000000e+00,0.000000000000000000e+00,0.000000000000000000e+00,0.000000000000000000e+00
1.184737659770476981e+01,-1.093089081698087606e+00,-1.229226746005323445e+00,-1.090820170036557180e+00,-6.685640443213751283e+00,-3.920026980197603539e+00
-3.970991897955100658e-01,-3.841741900000000265e-01,1.083242431035169062e+01,-3.237571000000000199e-01,-4.700034100000000770e+00,-1.000000000000000000e+00
3.145228932823051160e+00,-2.541901848490291105e+00,-2.606531162665877144e+00,-2.568442966689527207e+00,-8.655654706669650977e+00,-9.200873935446313823e+00
2.845168810807913840e+00,-9.900875382892612153e-01,-1.110086328440671899e+00,-1.033278238941186089e+00,-3.507955480000000126e+00,-2.781148704484526668e+00
0.000000000000000000e+00,0.000000000000000000e+00,0.000000000000000000e+00,0.000000000000000000e+00,0.000000000000000000e+00,0.000000000000000000e+00
-7.564327954823486522e+00,-7.639303123135431584e+00,-7.577878115925846814e+00,-7.628402280512917244e+00,-8.529312962768118567e+00,-1.012573539036468162e+01
-4.901539741836462127e+00,-4.911522700312886514e+00,-4.948350133747289270e+00,-4.881988551979024038e+00,-6.916330022118621912e+00,-7.167869992581108463e+00
-6.925943975370540073e+00,-6.883031549652346648e+00,-6.958287808870801783e+00,-6.947099821288779786e+00,-8.907813844797008329e+00,-8.832557664024657029e+00
-3.834758474412781837e+00,-3.795161852728071938e+00,-1.476574419199902177e+00,-3.548421212866263996e+00,9.613036612551054461e+00,-8.613857671074907074e+00
0.000000000000000000e+00,0.000000000000000000e+00,0.000000000000000000e+00,0.000000000000000000e+00,0.000000000000000000e+00,0.000000000000000000e+00
-3.900198015236990834e+00,-3.974319653935921792e+00,-3.046168497171749312e+00,-2.836340309331222720e+00,9.588001166767348593e+00,-7.546419930584717051e+00
-9.675929621057219876e-01,-2.001945041633897304e+00,-2.062605671744675906e+00,-1.602255030787252510e+00,1.297750434104860773e+01,-6.108979664060981030e+00
-5.338844894101147709e+00,-5.297132751025789510e+00,-5.334393511693511059e+00,-5.378299791036770472e+00,-1.140403043060977950e+01,-9.220758889376217127e+00
-8.524869157600623026e+00,-8.531873658933685434e+00,-8.549014954117982512e+00,-8.566495382776112777e+00,-1.168067727620688068e+01,-8.641384532042930999e+00
0.000000000000000000e+00,0.000000000000000000e+00,0.000000000000000000e+00,0.000000000000000000e+00,0.000000000000000000e+00,0.000000000000000000e+00
-7.765163842380927051e+00,-7.774616870204972052e+00,-7.804756926710741283e+00,-7.816126432595495999e+00,-9.725017439583131917e+00,-9.402303428380573536e+00
-5.398948148264389069e+00,-5.392623526163188075e+00,-5.378094643329147218e+00,-5.410879452769662201e+00,-1.023757147920737864e+01,-9.488455626194934212e+00
-3.645585566314450965e+00,-3.707184036934842108e+00,-3.695206450685236454e+00,-3.315131094436885917e+00,-5.875426416839744093e+00,-5.143955478324648389e+00
-5.399889324859951323e+00,-5.335788271901013680e+00,-5.416598617299607454e+00,-5.278254940070811863e+00,-6.633748067232177803e+00,-9.354744650086763258e+00
0.000000000000000000e+00,0.000000000000000000e+00,0.000000000000000000e+00,0.000000000000000000e+00,0.000000000000000000e+00,0.000000000000000000e+00
-2.596083562092207142e+00,-2.216625168670765422e+00,-5.798790297404878835e-01,1.072709778832648730e+01,-7.192371827592492828e+00,-3.103532735982511781e+00
7.917103277398639172e+00,1.047880344673115438e+01,1.203507816393006458e+01,3.023446210238808440e+00,5.288039479367720119e+00,1.999999999999998934e+01
1.072152600579871518e+01,-8.925116635962100364e-01,-9.037089156458243400e-01,-3.051027996187407609e+00,-4.611419229037873713e+00,-2.165181533989347429e+00
1.411878665383038900e+01,-1.365036962484339700e+00,-1.367810217211322232e+00,-1.372607560571725838e+00,-3.616838332048634364e+00,1.185349197231698737e+00
0.000000000000000000e+00,0.000000000000000000e+00,0.000000000000000000e+00,0.000000000000000000e+00,0.000000000000000000e+00,0.000000000000000000e+00
-4.738351169900207438e+00,8.483780897326445469e+00,-4.124908579589559032e+00,-3.563211092292524640e+00,-1.078181173699331552e+01,-1.020915743977968937e+01
-2.080797991432025817e+00,1.297687793148020852e+01,-1.522388542540674461e+00,-2.125436132249908017e+00,-5.079436069329881676e+00,-5.537616585493172927e+00
-3.980399873581167203e+00,9.616525727973153082e+00,-2.656556697649307353e+00,-4.006651835604883694e+00,-9.935271227257791438e+00,-4.678898973658416338e+00
-7.160776387046070113e+00,-7.192908353697023749e+00,-7.125801557278792941e+00,-7.109825658426048633e+00,-1.038718494568532513e+01,-1.120193290933949370e+01
0.000000000000000000e+00,0.000000000000000000e+00,0.000000000000000000e+00,0.000000000000000000e+00,0.000000000000000000e+00,0.000000000000000000e+00
-7.210862177901731229e+00,-7.270827444154413399e+00,-7.224847989867907216e+00,-7.245799770620159563e+00,-9.404672185746001389e+00,-8.117947492285226829e+00
-3.725971474253111371e+00,-4.864394260055612484e+00,-4.917027539820804094e+00,-4.850171934955460173e+00,-8.119459649043918148e+00,-6.842491799767347338e+00
1.559322235274862578e+00,-3.595500670015307598e+00,-3.573149787670184985e+00,-3.682466279838932266e+00,-7.279464772730424471e+00,-5.988391192870333946e+00
-4.287333455520223602e-01,-6.396725586943950326e+00,-6.468887201370938200e+00,-6.439749942562373874e+00,-9.442588279267095430e+00,-1.009399907815202724e+01
0.000000000000000000e+00,0.000000000000000000e+00,0.000000000000000000e+00,0.000000000000000000e+00,0.000000000000000000e+00,0.000000000000000000e+00
6.076899007926747087e-01,-5.788837472074777502e+00,-5.771396904500739389e+00,-5.372489349896921063e+00,-9.353420805299425211e+00,-6.506308505355415939e+00
-6.653435637009013526e+00,-6.622613966395306306e+00,-6.573574325971318189e+00,-6.602871413859634941e+00,-9.036499414972851696e+00,-1.080293112638259601e+01
-4.711271748952455596e+00,-4.715069861208984747e+00,-4.442888254388804192e+00,-4.752596853296176427e+00,-6.730084915856791028e+00,-4.713858037451757355e+00
-6.556105255243944718e+00,-6.565389690772533982e+00,-6.425091671409509431e+00,-6.624358453466352437e+00,-1.026233740089834434e+01,-7.160889799992312454e+00
0.000000000000000000e+00,0.000000000000000000e+00,0.000000000000000000e+00,0.000000000000000000e+00,0.000000000000000000e+00,0.000000000000000000e+00
5.679394030480759525e+00,1.879999999999997939e+01,1.522701138556681766e+00,7.216378834301619527e+00,1.513010298491728189e-01,3.888682351225007938e-01
1.184772131834925801e+01,-1.739486430565295505e+00,-2.409204791430857195e+00,1.515148355700546290e-03,-9.253223428822161978e+00,-7.865510453402081659e+00
1.643587945892846136e+01,-7.877479356327896642e-01,1.059614699510310065e-01,9.215758557639325277e-01,-1.693607506040645694e+00,-4.842530633287000619e+00
-4.734429985640844496e-01,-8.867800770686218303e-01,1.297760249498313101e+01,-1.745900787512206120e+00,-4.224233299373664430e+00,-8.059175777831530496e+00
0.000000000000000000e+00,0.000000000000000000e+00,0.000000000000000000e+00,0.000000000000000000e+00,0.000000000000000000e+00,0.000000000000000000e+00
-5.145409369234148045e+00,-5.007170629045039512e+00,-5.059301330218691994e+00,7.188192187544739653e+00,-7.797078109372259647e+00,-7.671408348757926987e+00
-2.419903218319291227e+00,-2.441447092687867748e+00,-2.500420813823709842e+00,4.515835343261207058e+00,-6.633174125720719516e+00,-7.922823805348737203e+00
-4.400309449658390548e+00,-4.273668167475711321e+00,-4.275804944706814048e+00,8.490860623172743260e+00,-9.130899809020410984e+00,-9.859744315702512196e+00
-5.681348319597640639e+00,-6.945324093632398110e+00,-6.999505483350454860e+00,-6.951779973969883564e+00,-9.957395826007859441e+00,-1.176959726442884779e+01
0.000000000000000000e+00,0.000000000000000000e+00,0.000000000000000000e+00,0.000000000000000000e+00,0.000000000000000000e+00,0.000000000000000000e+00
-5.901398860068404417e+00,-7.054420207203512483e+00,-7.055199883472880629e+00,-6.978398736915792711e+00,-8.269913290478221768e+00,-8.809981667944164485e+00
4.329023210408076694e-01,-4.829680055380257464e+00,-4.697221272929994029e+00,-4.676228056522689691e+00,-7.667829280458617447e+00,-6.105049998234973074e+00
9.187954642428269869e-01,-3.817655886850904956e+00,-3.879431405045564496e+00,-3.820936868867041980e+00,-7.037269803492852915e+00,-8.508362343993180588e+00
-3.942636234918217575e+00,-6.550113684620937349e+00,-6.588991151545263492e+00,-6.583267480133896399e+00,-1.014189464566169008e+01,-9.124563163298265778e+00
0.000000000000000000e+00,0.000000000000000000e+00,0.000000000000000000e+00,0.000000000000000000e+00,0.000000000000000000e+00,0.000000000000000000e+00
-5.167871693929260157e-01,-6.048477164885297519e+00,-6.017808475056822815e+00,-6.015842385785191482e+00,-9.685556807098947729e+00,-1.022237670669735543e+01
-1.135807680697715760e+00,-6.451271550600997884e+00,-6.468187133047239357e+00,-6.481691021718472889e+00,-1.042091452048921241e+01,-7.870698709034495977e+00
1.023367785546464237e+00,-4.494742782351364596e+00,-4.470927874475884245e+00,-4.593670113091333995e+00,-7.287140002215196866e+00,-5.641632587110205321e+00
-3.020582133210785170e+00,-6.375846528061548391e+00,-6.448558715718798240e+00,-6.392888089128636153e+00,-9.562538041286458679e+00,-7.714698025534575621e+00
0.000000000000000000e+00,0.000000000000000000e+00,0.000000000000000000e+00,0.000000000000000000e+00,0.000000000000000000e+00,0.000000000000000000e+00
-4.481647626116800343e-01,3.730902728091527454e-01,-5.645160568000001655e-01,9.028840009472297368e+00,-2.766940045035940265e+00,-1.000000000000000000e+00
3.366795729524880265e+00,-2.592533652090035723e+00,-2.513085512582687198e+00,-2.500968018248683755e+00,-6.267126849507565822e+00,-6.617249860309044607e+00
5.343182582060129526e+00,-9.186967564172113798e-01,-9.895185947735061216e-01,6.868915438298749399e-01,-3.507937448965678939e+00,-3.515956448965678938e+00
1.411880524766224454e+01,-1.905061777256438216e+00,-4.179366815617031605e-01,-1.840752758765440200e+00,-5.438645580471377805e+00,-7.520909630004961599e+00
0.000000000000000000e+00,0.000000000000000000e+00,0.000000000000000000e+00,0.000000000000000000e+00,0.000000000000000000e+00,0.000000000000000000e+00
-3.413567621837064525e+00,-6.863521581373074554e+00,-6.906541438759469465e+00,-6.855277012515721857e+00,-9.442216186709664782e+00,-8.606486001160815746e+00
5.991702571165234303e+00,-4.211317786618454129e+00,-4.048451360205373106e+00,-4.087780707670066072e+00,-4.990844566895131784e+00,-7.282523634097431753e+00
2.094208122250799775e+00,-6.158608092729524586e+00,-6.128794741016271530e+00,-6.235224622033793018e+00,-9.868984413145220458e+00,-9.432574465421819099e+00
-5.324630977796793729e+00,-5.172556349341966175e+00,5.509813430279581148e+00,-5.221204270133801728e+00,-9.827555160029186609e+00,-1.060750007415108342e+01
0.000000000000000000e+00,0.000000000000000000e+00,0.000000000000000000e+00,0.000000000000000000e+00,0.000000000000000000e+00,0.000000000000000000e+00
-5.357431513614041130e+00,3.847237762090141899e+00,-5.271562712645733839e+00,-5.292170157963433041e+00,-9.963156723712712548e+00,-8.689181004654347618e+00
-3.250639733442787893e+00,-3.219972400836433213e+00,2.446263606654321521e+00,-3.230967118965778262e+00,-8.600316325430352293e+00,-6.276194198492403231e+00
-3.765277021880232278e-01,-4.776560409397320406e+00,-4.735419390430386954e+00,-4.823590133728080431e+00,-9.274175914438465895e+00,-9.376490191733401147e+00
-5.055746870762285461e-01,-7.883194708183341781e+00,-7.850271955171117533e+00,-7.879639701251049289e+00,-1.014275703072940615e+01,-1.181469794834501386e+01
0.000000000000000000e+00,0.000000000000000000e+00,0.000000000000000000e+00,0.000000000000000000e+00,0.000000000000000000e+00,0.000000000000000000e+00
-4.123177809739091426e-01,-6.997168935564324954e+00,-7.162472360927407244e+00,-6.977683474200254032e+00,-1.147051673444303965e+01,-1.231917922806175802e+01
-1.384686054402997524e+00,-5.445950166799974568e+00,-5.460542739210602292e+00,-5.421482824318056615e+00,-1.051653754276197716e+01,-1.010657643123898275e+01
-1.074687918743606030e+00,-3.733563265401371289e+00,-3.661087262085823912e+00,-3.688620187253436100e+00,-6.128349941131260081e+00,-5.502182974551740102e+00
-5.319366879443945706e+00,-5.359055997476903421e+00,-4.209021296304348070e+00,-5.309697578215518021e+00,-9.619948649450078548e+00,-9.401520431919424325e+00
0.000000000000000000e+00,0.000000000000000000e+00,0.000000000000000000e+00,0.000000000000000000e+00,0.000000000000000000e+00,0.000000000000000000e+00
1.411880347692523863e+01,-1.267474522534780990e+00,7.380158075141654006e-01,-1.349648438835907571e+00,-5.936714973756240354e+00,-5.026884089564144453e+00
-7.323560879522017508e-01,-6.581966208292001630e-01,2.780755314750791740e+00,-6.986359903690000372e-01,-3.517321511620000507e+00,-3.551463192666273194e+00
4.596204582857213339e+00,-1.895101550625911901e+00,-1.869274022305543514e+00,-1.958949044629849423e+00,-5.069575800338760985e+00,-6.170804056103030177e+00
3.521966136570488182e+00,-1.118455993625528277e+00,-9.036271865955955995e-01,-1.019196855930153633e+00,-6.844433257154079797e+00,-3.597717494716819786e+00
0.000000000000000000e+00,0.000000000000000000e+00,0.000000000000000000e+00,0.000000000000000000e+00,0.000000000000000000e+00,0.000000000000000000e+00
-5.972957172169174100e+00,-7.211116455968344496e+00,-7.153127110755245432e+00,-7.131929982127706680e+00,-9.080595104564773479e+00,-1.034745710457559831e+01
-4.296302187383903792e+00,-4.408373988699579193e+00,-4.390856467033071198e+00,-2.784851685341708794e-01,-6.409343185332393666e+00,-6.875821582945008004e+00
-6.375739415496708418e+00,-6.416458769455300803e+00,-6.474041152414230282e+00,-3.083062886816198223e+00,-6.732640926723608921e+00,-8.633860057427549251e+00
-4.829574037574559497e+00,-4.759936414581142472e+00,7.150680582571339983e+00,-4.795999069206068555e+00,-1.033346867718737272e+01,-8.752912414204130798e+00
0.000000000000000000e+00,0.000000000000000000e+00,0.000000000000000000e+00,0.000000000000000000e+00,0.000000000000000000e+00,0.000000000000000000e+00
-5.009799859610619244e+00,5.165528108894933412e-01,-4.886268469331660924e+00,-4.917861819335039186e+00,-7.331418941438699655e+00,-5.258419117069536242e+00
-7.696682861876966708e-01,-2.823693355063180199e+00,1.072081686063498829e+01,-2.460201829306462251e+00,-3.701626438360177573e+00,-2.873757098805612920e+00
-5.044503531611973735e+00,-5.115834351937122548e+00,-5.102612740341507802e+00,-4.579441418339587955e+00,-9.246209467881177702e+00,-8.332110473306936882e+00
-8.110074119166718276e+00,-8.089134790383404550e+00,-8.166715119273179724e+00,-6.085361250641989628e+00,-9.550690489519777060e+00,-1.156533455635199203e+01
0.000000000000000000e+00,0.000000000000000000e+00,0.000000000000000000e+00,0.000000000000000000e+00,0.000000000000000000e+00,0.000000000000000000e+00
-2.289537115839359149e+00,-7.299579769064401091e+00,-7.280692936083596578e+00,-6.891748487219722108e+00,-1.121739625103806048e+01,-9.905373374667819419e+00
8.497374523506746602e-01,-5.223071667595144518e+00,-5.278454795943849476e+00,-5.290756681798074013e+00,-1.102147959896628571e+01,-9.067894809383201249e+00
6.986016189399785858e+00,-3.423542458629385443e+00,-3.393521916461801791e+00,-3.386084194959587457e+00,-6.987014377406714161e+00,-7.362660591856621473e+00
5.328228955527466226e+00,-5.097448588673058723e+00,-5.063598998812396168e+00,-5.134737906111654482e+00,-6.085600628327066275e+00,-7.872206905662235243e+00
0.000000000000000000e+00,0.000000000000000000e+00,0.000000000000000000e+00,0.000000000000000000e+00,0.000000000000000000e+00,0.000000000000000000e+00
-1.110117368322475428e+00,-1.702631399440351689e+00,-1.793544132521761814e+00,1.297756988132277023e+01,-4.705973707188288557e+00,-6.109777143434994784e+00
3.297749548618493787e-01,-4.222661021200000975e-01,1.339824986812181606e+01,-5.027470064588710486e-01,-3.613454956856041900e+00,-4.126407566852961395e+00
1.297754356566602141e+01,-1.634522280823460294e+00,-9.864026684373070619e-01,-1.852624939150359973e+00,-7.203944965029974945e+00,-5.049989942535873411e+00
1.643587989424699813e+01,-6.893921186247837785e-01,-8.780696310109858960e-01,-8.567261166879903689e-01,9.030712018766773319e-02,-3.222616444127223811e+00
0.000000000000000000e+00,0.000000000000000000e+00,0.000000000000000000e+00,0.000000000000000000e+00,0.000000000000000000e+00,0.000000000000000000e+00
-7.414132766196706470e+00,-7.410063594399775688e+00,-7.429409209448635032e+00,-7.423841928312344685e+00,-1.085199099341221185e+01,-9.968647122288430751e+00
-4.640904075945673668e+00,-4.599718579572353860e+00,-4.678467115040690238e+00,-4.063921882725372470e+00,-5.113912707706855798e+00,-4.968005036054264245e+00
-6.619547983464944885e+00,-6.707457294873473863e+00,-6.700035099786770587e+00,-6.262233936356189190e+00,-1.007258917017406930e+01,-9.853922524619607159e+00
-3.908477012428034136e+00,8.480155582348828602e+00,-3.737083375847423561e+00,-4.334852886603809630e+00,-6.580479560307964881e+00,-9.254305966940561845e+00
0.000000000000000000e+00,0.000000000000000000e+00,0.000000000000000000e+00,0.000000000000000000e+00,0.000000000000000000e+00,0.000000000000000000e+00
-4.492252685859148720e+00,6.493057477942690170e+00,-4.620975140169821138e+00,-4.550131430442534430e+00,-9.046360327137579205e+00,-7.398432728586077367e+00
-2.074388215655419643e+00,1.184684219523667181e+01,-4.200871490482855908e-01,-2.507744784829180063e+00,-3.992087798555281175e+00,-7.333630164677552798e+00
-5.197443340020862834e+00,-5.223790176580665801e+00,-5.230557012695815189e+00,-5.165930735903163651e+00,-9.256646199378279150e+00,-6.633003409410814122e+00
-8.293902075302364452e+00,-8.385658156349000691e+00,-8.369774665701942951e+00,-8.360774183496072709e+00,-9.979001421765051560e+00,-1.045141949648946067e+01
0.000000000000000000e+00,0.000000000000000000e+00,0.000000000000000000e+00,0.000000000000000000e+00,0.000000000000000000e+00,0.000000000000000000e+00
-7.492332295234855444e+00,-7.574988759308998176e+00,-7.558233939181798533e+00,-6.532058222149505156e+00,-1.172262779579609671e+01,-1.070641670956872638e+01
-5.129733350712458950e+00,-5.242649457015122749e+00,-5.297800722271450269e+00,-5.267296574434227274e+00,-9.235449490995220501e+00,-1.091768470667397040e+01
-2.399776130843082722e+00,-3.464550007554767941e+00,-3.525166496855256959e+00,-3.463891115563172196e+00,-5.820210111863256763e+00,-5.955204964716395821e+00
-5.160727486050236124e+00,-5.220936948698825297e+00,-5.135337766339037380e+00,-4.077228997591181070e+00,-5.522315723455911041e+00,-1.066610992217431075e+01
0.000000000000000000e+00,0.000000000000000000e+00,0.000000000000000000e+00,0.000000000000000000e+00,0.000000000000000000e+00,0.000000000000000000e+00
-2.393473043888080465e+00,-2.412116792538975485e+00,-2.375287164804631423e+00,2.564017291770380957e+00,-7.797927021643189072e+00,-8.394121172756973337e+00
5.255342333050751158e+00,1.879999999999997939e+01,8.836869508733679268e+00,4.012639808135236130e+00,2.816803348663080797e+00,1.395119790178649177e+00
-2.519048777237069103e+00,-1.615119528713163444e+00,-2.532345869277710548e+00,1.184668364199272972e+01,-5.957957824553516524e+00,-6.462407584799170657e+00
-3.387578961828243695e-01,2.555193981572732476e+00,1.919625518846192369e+00,1.527151905186311964e+01,-4.342614276293514486e+00,-2.832473506663117924e+00
0.000000000000000000e+00,0.000000000000000000e+00,0.000000000000000000e+00,0.000000000000000000e+00,0.000000000000000000e+00,0.000000000000000000e+00
-5.315656367003581018e+00,3.834658138961369644e+00,-5.337220403778838218e+00,-5.220284781450511780e+00,-9.543532600349898587e+00,-9.808633547671028907e+00
-2.651517093997085350e+00,1.184244629599018417e+01,-1.471922756766597340e+00,-2.259619171909522439e+00,-5.016378213607387337e+00,-6.288046819009235122e+00
-4.485662547494985830e+00,4.718962976937516984e+00,-4.522373760278492583e+00,-4.521227156885434972e+00,-7.577356785687122454e+00,-7.788119676976076988e+00
-7.077527856140032547e+00,-7.123418148174352815e+00,-5.155295427842332856e+00,-7.099191697481268548e+00,-8.796151187989972087e+00,-1.083556973802427237e+01
0.000000000000000000e+00,0.000000000000000000e+00,0.000000000000000000e+00,0.000000000000000000e+00,0.000000000000000000e+00,0.000000000000000000e+00
-7.058590000834242595e+00,-6.979429870490818644e+00,-6.607024494481205323e+00,-7.018940323138136428e+00,-9.668632437154046855e+00,-7.679636877566136555e+00
-4.812197311618676032e+00,-4.872104877671227463e+00,1.745986516888682782e+00,-4.845542644298097557e+00,-7.177969034258297576e+00,-8.053300633598617253e+00
1.177587061521501433e+01,-3.210786590327476819e+00,-3.129514070118772917e+00,-1.813668176986611202e+00,-7.934050122508046421e+00,-6.437148188464638210e+00
7.284499888772115739e+00,-6.020567803834159015e+00,-6.254135690929029323e+00,-5.982503376681775009e+00,-9.183828816746094859e+00,-1.072765725924816316e+01
0.000000000000000000e+00,0.000000000000000000e+00,0.000000000000000000e+00,0.000000000000000000e+00,0.000000000000000000e+00,0.000000000000000000e+00
8.503486554068246051e+00,-5.371697483956993757e+00,-5.514387102732129620e+00,-1.935469725419988851e+00,-9.222316745620382505e+00,-1.018652438136254723e+01
-6.557400808567697581e+00,-6.536828074083798512e+00,-2.640129905144196876e+00,-6.528927342608040973e+00,-1.163575167264680665e+01,-1.138202443819941223e+01
-4.605739428966365345e+00,-4.627246164321932476e+00,1.647601373426967220e+00,-4.604833396105537879e+00,-8.415275311932989055e+00,-7.290490510757077658e+00
-6.391504057840379893e+00,-6.281466058604593172e+00,-1.167081234613485119e+00,-6.334850661574034092e+00,-9.740121214702497809e+00,-1.051424204932908957e+01
0.000000000000000000e+00,0.000000000000000000e+00,0.000000000000000000e+00,0.000000000000000000e+00,0.000000000000000000e+00,0.000000000000000000e+00
5.795692234428610590e+00,1.761199999999996635e+01,6.040799311740663313e+00,1.229143733879428879e+00,-4.893874238201350035e-01,2.535923788524236944e-01
-7.116422503520933862e-01,-1.921705845171415294e-01,1.297761790382175029e+01,-1.192386359365567916e+00,-6.583546894362622304e+00,-4.358750896041302170e+00
1.761199999999996635e+01,5.690777365829564616e+00,5.909300273997756925e+00,1.321591977718001409e+00,1.546100164803884125e+00,9.139829390401336129e-01
-1.982788571318683468e+00,-7.328887384224112012e-01,1.411880494061209745e+01,2.997340292963934338e+00,-4.594608286492560367e+00,-6.032633488852061632e+00
0.000000000000000000e+00,0.000000000000000000e+00,0.000000000000000000e+00,0.000000000000000000e+00,0.000000000000000000e+00,0.000000000000000000e+00
-5.731944469191500247e+00,5.523211842163141760e+00,-5.741210133535817661e+00,-5.674506002715414610e+00,-1.118687198762302160e+01,-8.735336069408958792e+00
-3.040691235777261081e+00,-2.961769647405583683e+00,-2.153377634923077544e+00,1.069202714286665312e+01,-8.139474831210744554e+00,-3.518364082339628496e+00
-5.001448485891009987e+00,7.307776952877751420e+00,-4.002557614319020018e+00,-4.946974665061089738e+00,-9.415806654614998550e+00,-8.325277329275788674e+00
-6.546333234145150115e+00,-6.559659471092263772e+00,-8.978516011539021680e-01,-6.802634040837010510e+00,-9.519449051298202846e+00,-1.021344866270749918e+01
0.000000000000000000e+00,0.000000000000000000e+00,0.000000000000000000e+00,0.000000000000000000e+00,0.000000000000000000e+00,0.000000000000000000e+00
-6.621891912576305828e+00,-6.575165803134233045e+00,-2.829248632313410727e+00,-6.591925783758529889e+00,-9.034198776144933163e+00,-8.963713829153707735e+00
-4.348362951545023947e+00,-4.323357069923097207e+00,6.369514118174009809e+00,-4.529332949775304762e+00,-6.025396945330482978e+00,-6.179022069119309180e+00
-3.732275570128034570e+00,-3.869853087448460460e+00,-3.018122490351703213e+00,1.042630504483493148e+01,-5.970512670608354000e+00,-9.081007707365975179e+00
-6.512571759645658709e+00,-6.769078936552990200e+00,-6.148392385764013035e+00,5.887454963656333362e+00,-1.022052396502377292e+01,-1.033194682915723206e+01
0.000000000000000000e+00,0.000000000000000000e+00,0.000000000000000000e+00,0.000000000000000000e+00,0.000000000000000000e+00,0.000000000000000000e+00
-6.046336758676279288e+00,-6.102329339262528407e+00,-5.529451020590504307e+00,7.354325277020430818e+00,-1.028250080288947643e+01,-8.420668101767573077e+00
-6.076033800229446058e+00,-6.073534845214975775e+00,4.709636537126165479e+00,-6.160326640077905758e+00,-1.078223018587273074e+01,-8.410992477974328807e+00
-4.206843174490457749e+00,-4.184012230680848710e+00,7.078528464324294944e+00,-4.209430070679385238e+00,-7.256248697026023819e+00,-6.033424435732654523e+00
-5.965244515496248567e+00,-5.988949805063287002e+00,4.820090243115762618e+00,-5.921504501036812584e+00,-1.025870978860375260e+01,-8.869212066236510594e+00
0.000000000000000000e+00,0.000000000000000000e+00,0.000000000000000000e+00,0.000000000000000000e+00,0.000000000000000000e+00,0.000000000000000000e+00
1.065168598584023685e-01,-3.497536128810694311e-01,4.942014875916062699e+00,1.643587999999989080e+01,-6.765471730870473710e-01,-1.465454281781754187e+00
-2.030046544046096191e+00,-2.013485575855886722e+00,1.411880598546039600e+01,2.633503340914355562e+00,-5.632690362234396453e+00,-5.197413674968047737e+00
-7.367858348431698401e-01,-6.145933098900397962e-01,4.479949653979220514e+00,1.643587999999888893e+01,-2.540246813486990440e+00,-3.220805175883228344e+00
-1.146786373292096206e+00,4.222893472458986608e+00,1.527152119999955460e+01,3.101522865990118394e+00,-5.809090610306962610e+00,-2.684740019520242882e+00
0.000000000000000000e+00,0.000000000000000000e+00,0.000000000000000000e+00,0.000000000000000000e+00,0.000000000000000000e+00,0.000000000000000000e+00
-6.353494547669702897e+00,-6.406406392779155468e+00,-6.371977929846651456e+00,2.702184460506233066e+00,-8.549264950048456768e+00,-9.344376212100268475e+00
-3.627442789407296697e+00,-3.593973227187321484e+00,-2.748810593243440792e+00,9.429513159837291880e+00,-8.097080427921076407e+00,-4.148197987469459669e+00
-5.619523500351618850e+00,-5.108848776207481457e+00,-5.601200028955123145e+00,5.784076697955928381e+00,-9.650135691400997473e+00,-1.106408980431196554e+01
-6.010859236989984922e+00,3.173361630692250301e+00,-5.821366409266815367e+00,-5.678398180686229146e+00,-1.089892773839876838e+01,-8.816211250238197294e+00
0.000000000000000000e+00,0.000000000000000000e+00,0.000000000000000000e+00,0.000000000000000000e+00,0.000000000000000000e+00,0.000000000000000000e+00
-5.874514767071923771e+00,6.450636368617919114e-01,-5.885016391013223824e+00,-6.015585013875410780e+00,-1.086327984795975254e+01,-8.374006835367376667e+00
-3.790459101406407516e+00,-3.714948224279382316e+00,8.262842432815576288e+00,-3.042167535937056577e+00,-7.947433372328989165e+00,-7.816837849474406852e+00
-4.335485005928234159e+00,-4.347023604661210072e+00,-4.534549200819720127e+00,8.439756111935285077e+00,-7.116541294008062124e+00,-8.526801290905755337e+00
-7.468181499200580831e+00,-6.697531022078427654e+00,-7.412660461395555345e+00,3.885780113389174506e+00,-9.754146963124725289e+00,-1.042028188244009002e+01
0.000000000000000000e+00,0.000000000000000000e+00,0.000000000000000000e+00,0.000000000000000000e+00,0.000000000000000000e+00,0.000000000000000000e+00
-6.619891224713543743e+00,-6.561549065432531691e+00,-5.112866561901586060e+00,5.861887216704031900e+00,-1.026741842879602196e+01,-1.102661949120899010e+01
-5.325847468777817006e+00,-5.622404967732609116e+00,7.106796977858845565e+00,-5.563360312507751537e+00,-1.142914059646315472e+01,-9.626462829009350131e+00
-3.733790717589931418e+00,-3.779832786719057758e+00,9.423383679311786665e+00,-2.958965693432856536e+00,-7.486348157548040838e+00,-3.932348206681752778e+00
-5.194784060248620605e+00,-5.385543651346301530e+00,7.025924692332948140e+00,-5.389876997925557411e+00,-9.989208211463587617e+00,-8.890969554850633116e+00
0.000000000000000000e+00,0.000000000000000000e+00,0.000000000000000000e+00,0.000000000000000000e+00,0.000000000000000000e+00,0.000000000000000000e+00
-1.159416945654076825e+00,7.711626595065047551e-01,1.949635132282859118e+00,1.527152119999746027e+01,-3.137577446422536553e+00,-6.143715944158283371e+00
-6.287006696150720941e-02,-7.841873440313532617e-01,1.527152119980585887e+01,1.362014288046803134e+00,-3.354896315075577284e+00,-3.810598682541901372e+00
-1.150042979306535207e+00,-8.025832924743266927e-01,2.540497517692427376e+00,1.527152119995398394e+01,-7.008042416719362677e+00,-5.157502445092642773e+00
-8.476151470210281369e-01,-8.722275608388931900e-01,1.643587999999995475e+01,1.437512887889488944e+00,-2.388139585452571101e+00,7.229024875704538333e-01
0.000000000000000000e+00,0.000000000000000000e+00,0.000000000000000000e+00,0.000000000000000000e+00,0.000000000000000000e+00,0.000000000000000000e+00
-6.960235898246531328e+00,-6.940098960561412511e+00,-6.897196317826360890e+00,-1.520957482164527308e+00,-1.148882565960875368e+01,-9.277985763021268539e+00
-4.099187581114128953e+00,-4.081037009869938892e+00,-4.194938426151277433e+00,6.442018965679295661e+00,-9.176076218527022377e+00,-6.556870493822814616e+00
-6.185725842546627717e+00,-6.144127662588393157e+00,-6.229574417461826386e+00,1.637574118897909603e+00,-6.948781220311275320e+00,-7.480353806212656664e+00
-5.305784685512492160e+00,-5.236641622165466359e+00,-2.508551439561027330e+00,-5.254180176103798949e+00,-9.825707585775756314e+00,-1.075137864636583451e+01
0.000000000000000000e+00,0.000000000000000000e+00,0.000000000000000000e+00,0.000000000000000000e+00,0.000000000000000000e+00,0.000000000000000000e+00
-5.319722982669085276e+00,-4.803180287790540959e+00,-5.324589590502040615e+00,-5.438507730476005442e+00,-8.780571969532532606e+00,-6.679988382364014043e+00
-2.610374490738687214e+00,9.576384345452943592e+00,-3.210791907301157266e+00,-3.239174590092392059e+00,-7.598235753036642670e+00,-8.174631264827301180e+00
-4.882893628785878626e+00,-4.857097876139995662e+00,-4.820399858351852806e+00,4.731428261012631253e+00,-9.358872659584697828e+00,-8.527892283043096100e+00
-8.003826724477685062e+00,-8.073594789705309083e+00,-7.948835407930380015e+00,-1.068641360021549969e-01,-1.030334235480450822e+01,-9.242996138002082418e+00
0.000000000000000000e+00,0.000000000000000000e+00,0.000000000000000000e+00,0.000000000000000000e+00,0.000000000000000000e+00,0.000000000000000000e+00
-7.016473125643183373e+00,-7.100678872977399081e+00,-7.085382143933073529e+00,3.584387505058121093e+00,-1.157519748992049990e+01,-8.888988520687833628e+00
8.461309902135278449e+00,-4.912289214966752304e+00,-4.868857356859708219e+00,-4.654577261340619998e+00,-9.201984567532145221e+00,-8.698587816441108345e+00
1.071197886611384043e+01,-2.588227520494118750e+00,-3.049913829748422067e+00,-3.255993122852702815e+00,-6.559598399449004802e+00,-6.427671546327966112e+00
8.477458462962445651e+00,-4.870795846317752975e+00,-4.731597598405544502e+00,-4.635197999489770737e+00,-7.794625176405060252e+00,-8.953814834299890890e+00
0.000000000000000000e+00,0.000000000000000000e+00,0.000000000000000000e+00,0.000000000000000000e+00,0.000000000000000000e+00,0.000000000000000000e+00
-1.836833627235692878e+00,-6.445572428234671580e-01,-2.045646942425882742e+00,1.411880247621579620e+01,-7.515554135851285622e+00,-6.450889667334469557e+00
6.630349247098885623e-01,1.283261977630477002e+00,1.643587999999281379e+01,-7.868878406228454470e-01,-1.858354608617127646e+00,-2.769256074573190229e+00
2.614355614692547292e+00,1.800340722895317658e+00,-1.917588024828610571e+00,1.411880598729276137e+01,-9.408746713328495215e-01,-1.698658871623949684e+00
1.761199999999996635e+01,2.251889917999936763e+00,1.750517459477117344e+00,5.915697386827508453e+00,1.155861605864248576e+00,2.360188469448452508e+00
0.000000000000000000e+00,0.000000000000000000e+00,0.000000000000000000e+00,0.000000000000000000e+00,0.000000000000000000e+00,0.000000000000000000e+00
-7.227168931205133262e+00,-7.243690163178091446e+00,-7.283150222348824698e+00,-6.975532865920466286e+00,-1.164275290028697896e+01,-1.069638269001351283e+01
-4.518528631505748905e+00,-4.453817502790648142e+00,-4.460853794505102776e+00,-1.745492133196357099e+00,-6.590069364857664702e+00,-8.686492553577497944e+00
-6.514272573974890790e+00,-6.540755462717653401e+00,-6.526359546837626091e+00,-5.526371378882317664e+00,-8.230140756080880138e+00,-9.637715219048129001e+00
-4.991857045281046901e+00,5.331087048250958915e+00,-4.929454577065007115e+00,-4.991162704752511559e+00,-9.239353304699930547e+00,-9.164233067741490046e+00
0.000000000000000000e+00,0.000000000000000000e+00,0.000000000000000000e+00,0.000000000000000000e+00,0.000000000000000000e+00,0.000000000000000000e+00
-5.011087682865575488e+00,1.385405226687572489e+00,-4.989062494808774062e+00,-5.067064444950460711e+00,-9.612299852203609163e+00,-9.457423572345609486e+00
-2.973519856337991207e+00,7.588329004258144828e+00,-2.942950824429351186e+00,-2.940265759631099929e+00,-6.486250354363712667e+00,-5.669164874212913929e+00
-5.195756635604069196e+00,-5.118324786800496184e+00,-5.135535695950634860e+00,-2.812442246772436150e+00,-5.707149803658552401e+00,-1.000159555040035642e+01
-8.305267256032021095e+00,-8.243320425664441231e+00,-8.296781121465588882e+00,-6.446087307970802982e+00,-1.248691432219217390e+01,-8.789467303554257427e+00
0.000000000000000000e+00,0.000000000000000000e+00,0.000000000000000000e+00,0.000000000000000000e+00,0.000000000000000000e+00,0.000000000000000000e+00
-7.411758323925623060e+00,-7.393253124646766317e+00,-7.436013227313944540e+00,-4.809057787507475368e+00,-1.037356675381085935e+01,-1.022840142664646201e+01
-2.953214949351633756e+00,-5.013510643721890148e+00,-4.977779061584164388e+00,-4.925240888595356914e+00,-1.014917375762529339e+01,-8.133902447861338203e+00
-3.070923941003347757e+00,-3.165598093386190470e+00,-3.046590462613031569e+00,4.939773523061870897e+00,-6.945948352023254557e+00,-5.647389630285111650e+00
-2.057062815476008666e+00,-4.816059519963170388e+00,-4.828018377237731862e+00,-4.760408894214798181e+00,-8.577655065039021309e+00,-9.133279953779231519e+00
0.000000000000000000e+00,0.000000000000000000e+00,0.000000000000000000e+00,0.000000000000000000e+00,0.000000000000000000e+00,0.000000000000000000e+00
-2.182540930752178365e+00,-2.180196218269940811e+00,-2.181059364856923199e+00,1.777242232946186107e+00,-7.413353600237839736e+00,-5.935322731645303662e+00
5.917632168640773571e+00,1.761199999999996635e+01,7.534504710892534263e+00,1.332230067139305918e+00,-1.551661531504855418e-02,-1.902288981885936092e+00
-2.394715125550473722e+00,-2.318932144656880467e+00,-2.223446724593832968e+00,2.020150110862451331e+00,-6.286842871573644409e+00,-6.515057065564221261e+00
-6.162781976236000325e-01,-7.274170093651686209e-01,-7.674358281739941390e-01,9.183131517761967899e+00,-1.945560796545879878e+00,-4.176218642265101089e+00
0.000000000000000000e+00,0.000000000000000000e+00,0.000000000000000000e+00,0.000000000000000000e+00,0.000000000000000000e+00,0.000000000000000000e+00
-5.620871006095059741e+00,-2.827015742762346129e+00,-5.625973757105026785e+00,-5.603908090264406283e+00,-7.897126470567431333e+00,-9.503642489218822931e+00
-2.512246889386461124e+00,5.481234780794337347e+00,-2.550178927709829679e+00,-2.543573628430236155e+00,-2.907990100000000133e+00,-5.581853130253941586e+00
-4.672275311345358340e+00,-3.126780997414474239e+00,-4.721402747817705858e+00,-4.670563010541749271e+00,-9.629707203387303238e+00,-7.994568993739632035e+00
-7.640276862823514037e+00,-7.346876351659832771e+00,-7.705026738612948733e+00,-7.653980032676815703e+00,-1.212171279251731271e+01,-1.010279329413198823e+01
0.000000000000000000e+00,0.000000000000000000e+00,0.000000000000000000e+00,0.000000000000000000e+00,0.000000000000000000e+00,0.000000000000000000e+00
-7.279169518647723436e+00,-7.283681240195111428e+00,-7.302673085363229788e+00,-7.270743962581240893e+00,-1.223139521727168244e+01,-1.085840540105646745e+01
-5.321957267387531054e+00,-4.057975204789824986e+00,-5.343489602324757115e+00,-5.329373247053498019e+00,-8.891078933970497644e+00,-7.325485662260883046e+00
1.296060949926969919e+01,-2.583898077550431438e+00,-2.448607398598839691e+00,-2.463012384559876811e+00,-6.405917808594082885e+00,-5.559898218511985846e+00
8.484089464174264350e+00,-5.309675624886653011e+00,-5.293916661561408610e+00,-5.316566706954804822e+00,-8.936935180741244267e+00,-6.363482391541483985e+00
0.000000000000000000e+00,0.000000000000000000e+00,0.000000000000000000e+00,0.000000000000000000e+00,0.000000000000000000e+00,0.000000000000000000e+00
9.617131377938912706e+00,-4.678149669589785731e+00,-4.637602359748709269e+00,-4.678613897539967148e+00,-6.309814676352215379e+00,-1.062535168523934459e+01
-6.993524731029758357e+00,-6.877044057252881260e+00,-7.080430327172066107e+00,-7.012636179669784475e+00,-1.090534547426586798e+01,-1.127625661332961116e+01
-5.016623300994235812e+00,-2.952363828158226511e+00,-4.969934828196128862e+00,-4.993024629575288920e+00,-7.175655931869684423e+00,-7.576563613243397555e+00
-6.672676016754111039e+00,-5.508126072332239609e+00,-6.593577523834264653e+00,-6.644076145447549209e+00,-9.968588385061908141e+00,-1.019936902762000308e+01
0.000000000000000000e+00,0.000000000000000000e+00,0.000000000000000000e+00,0.000000000000000000e+00,0.000000000000000000e+00,0.000000000000000000e+00
3.632198408088464614e+00,1.643585950786355809e+01,7.966005901416598478e-01,-7.972055930055974571e-01,-3.504370729590100098e+00,-2.126514779773346353e-01
-3.270294861055920599e+00,1.184770293827258669e+01,-1.979129426244213841e+00,-3.212584195760616268e+00,-5.131575848968407350e+00,-8.103593490922937903e+00
1.879999999999997939e+01,6.474883969580750964e+00,2.082469387593131938e+00,9.168131010649366530e+00,2.102928903836627672e+00,-2.827690548066611687e+00
9.590149166301195072e-01,1.297759657706196279e+01,1.327682802867626854e-01,-4.761912715837419707e-01,-8.390911845500745869e+00,-9.262822018236008148e+00
0.000000000000000000e+00,0.000000000000000000e+00,0.000000000000000000e+00,0.000000000000000000e+00,0.000000000000000000e+00,0.000000000000000000e+00
-6.120335338845892537e+00,-1.145202953744371310e+00,-6.182181839476045049e+00,-6.055683536228035457e+00,-1.004063348379193599e+01,-1.095647385261745654e+01
-3.462342356607940541e+00,1.858346010220275346e+00,-3.540539207086205842e+00,-3.535948694054376507e+00,-5.828498882168338113e+00,-7.353169188565917835e+00
-5.577151793895666287e+00,3.442119072269018698e+00,-5.613987382733565568e+00,-5.484593521859657983e+00,-8.230702980034177330e+00,-7.960016007270599658e+00
-6.605924593865164951e+00,-6.579720975009564654e+00,-6.424745324590810824e+00,-6.620394618673176801e+00,-9.004033945890771662e+00,-9.960000246717719108e+00
0.000000000000000000e+00,0.000000000000000000e+00,0.000000000000000000e+00,0.000000000000000000e+00,0.000000000000000000e+00,0.000000000000000000e+00
-6.595064176053228699e+00,-6.312942006127960859e+00,-6.562569308377904420e+00,-6.625751742798621002e+00,-1.016904713831598173e+01,-9.445015000968986385e+00
-4.275818702581280384e+00,-1.121395560492733923e+00,-4.309874719363302908e+00,-4.283400669319840759e+00,-5.653890553069990332e+00,-7.867166241693313466e+00
-4.082277198503613924e+00,3.377606897021345311e+00,-4.129366654255226088e+00,-4.075727518711553365e+00,-9.585158363204342891e+00,-8.554118547441506237e+00
-7.257563056136032031e+00,-1.862000289712696821e+00,-7.119848164437302174e+00,-7.189941216071233931e+00,-9.930009649364206936e+00,-1.014071664020692687e+01
0.000000000000000000e+00,0.000000000000000000e+00,0.000000000000000000e+00,0.000000000000000000e+00,0.000000000000000000e+00,0.000000000000000000e+00
-6.454796553013446569e+00,2.846932464171817223e+00,-6.454782402346546100e+00,-6.523953732116872573e+00,-8.322818466679972715e+00,-9.099841205073978756e+00
-6.187044869277841030e+00,-2.937868058081124278e+00,-6.155624645733305478e+00,-6.176483711114091335e+00,-1.155796140835300001e+01,-1.043784155086609822e+01
-4.407960119437230873e+00,-4.321433829361700063e+00,-1.316618600423103747e+00,-4.380077900017878001e+00,-7.967281970523250045e+00,-7.196451643813327692e+00
-6.092626192366218163e+00,-1.180609134682394590e+00,-6.042332990697116379e+00,-6.098308452043936789e+00,-9.255288588075284650e+00,-1.049414894341368054e+01
0.000000000000000000e+00,0.000000000000000000e+00,0.000000000000000000e+00,0.000000000000000000e+00,0.000000000000000000e+00,0.000000000000000000e+00
-1.043657726654990459e+00,5.649356260606169577e+00,-1.066091295927425575e+00,-1.085612504532347034e+00,-3.590026986876827753e+00,-6.510885060168734029e+00
-1.772465172022976709e+00,-1.830009479310786169e+00,-1.797029048689733122e+00,-1.753760395189055243e+00,-6.136246741713417663e+00,-5.572938403534413609e+00
-1.071381348148901402e+00,3.331670738591669512e+00,-1.108283291888155997e+00,-1.142180155106465644e+00,-4.898870843959652888e+00,-2.801907022512684975e+00
-1.360304223401038293e+00,3.248403295945927916e+00,-1.268668779354400034e+00,-1.362421309135108949e+00,-4.260503509753243101e+00,-3.601634671743891403e+00
0.000000000000000000e+00,0.000000000000000000e+00,0.000000000000000000e+00,0.000000000000000000e+00,0.000000000000000000e+00,0.000000000000000000e+00
-6.342091104265680457e+00,-6.284534834647095281e+00,-6.320345218841318058e+00,-5.701379587698374607e+00,-9.229597260947500104e+00,-7.569121859097705851e+00
-3.620620571269498100e+00,7.487626505244496800e-01,-3.679581720292499192e+00,-3.598664626636746355e+00,-6.568001774426781125e+00,-6.840492047533439646e+00
-5.725612369273406443e+00,-5.655501786201437397e+00,-5.745854634142266271e+00,-3.162993765614176667e+00,-9.530280159453655031e+00,-9.520867422629027743e+00
-6.354575553898667906e+00,-2.164992589382934263e+00,-6.431647217220501034e+00,-6.398713104316819056e+00,-9.426135424719188194e+00,-9.287549030645347869e+00
0.000000000000000000e+00,0.000000000000000000e+00,0.000000000000000000e+00,0.000000000000000000e+00,0.000000000000000000e+00,0.000000000000000000e+00
-6.348622782533121622e+00,-6.046980129806065918e+00,-6.355629119109433844e+00,-6.405632038101157555e+00,-7.601059711886066772e+00,-7.110999664771136430e+00
-4.215708505680376916e+00,1.943197868031090625e+00,-4.200948752724632307e+00,-4.148622824443278567e+00,-6.383279276892009690e+00,-6.541498146465901442e+00
-4.243918515393386492e+00,-4.294257207310759661e+00,-4.249983478374938173e+00,-3.867328005167330662e+00,-1.046243899819108591e+01,-7.852430778184466220e+00
-7.391371468964868185e+00,-6.305479508016938794e+00,-7.363358802436756889e+00,-7.381286137382806700e+00,-9.990517368716380631e+00,-1.015560934871922072e+01
0.000000000000000000e+00,0.000000000000000000e+00,0.000000000000000000e+00,0.000000000000000000e+00,0.000000000000000000e+00,0.000000000000000000e+00
-6.635100263980871382e+00,-6.646706699836049559e+00,-6.645746438944356349e+00,-3.889813828558022379e+00,-1.020314358295275525e+01,-1.077942564875065301e+01
-6.155734687234607705e+00,9.787699066338899634e-01,-5.991042099048390135e+00,-6.039713180561655292e+00,-1.006960777175187083e+01,-1.054252015358113326e+01
-4.021521052428951748e+00,4.546985694200785133e+00,-4.093574066747203588e+00,-4.165572060666334231e+00,-5.504750833521646847e+00,-7.767649993383979101e+00
-5.903330535021539482e+00,-8.882531870461082280e-01,-5.891510521650282328e+00,-5.870977873866122465e+00,-8.612642851727791538e+00,-6.726762908177435385e+00
0.000000000000000000e+00,0.000000000000000000e+00,0.000000000000000000e+00,0.000000000000000000e+00,0.000000000000000000e+00,0.000000000000000000e+00
-1.198010211193465180e+00,3.005208313191018554e+00,-1.217568915336803004e+00,-1.297167126723596242e+00,-8.211318433378012926e+00,-5.470555481593635250e+00
-1.579262178874254019e+00,5.682119311025389585e+00,-1.533696776975786991e+00,-1.542417384963840288e+00,-3.595708180834889411e+00,-7.380101776835962468e+00
-1.255299455573940737e+00,2.949081673407116355e+00,-1.287993999463937778e+00,-1.227779068544159857e+00,-4.301310580366468628e+00,-3.648383517609088855e+00
-1.188874593763830756e+00,3.329251332143303710e+00,-1.193073425254340014e+00,-1.231639379248580468e+00,-2.792967264243622516e+00,-4.984380717821263573e+00
0.000000000000000000e+00,0.000000000000000000e+00,0.000000000000000000e+00,0.000000000000000000e+00,0.000000000000000000e+00,0.000000000000000000e+00
-7.235390903793291528e+00,-6.277089869264411703e+00,-7.272174736424864783e+00,-7.283233444055893457e+00,-9.184880115903386155e+00,-9.935332828820856221e+00
-4.429140436285664784e+00,2.356152720015387003e-01,-4.509695356984963155e+00,-4.469684103064277991e+00,-4.683305788186760132e+00,-7.733806815692472192e+00
-6.709945630207375444e+00,-3.709443978409495912e+00,-6.580294841039217246e+00,-6.566411167048040731e+00,-8.847422903978372943e+00,-1.075968687350206920e+01
-5.480563325007070219e+00,-5.461719938314177902e+00,-4.997384431647816427e+00,-5.482735775074917939e+00,-9.998057385027328436e+00,-8.445146727468159753e+00
0.000000000000000000e+00,0.000000000000000000e+00,0.000000000000000000e+00,0.000000000000000000e+00,0.000000000000000000e+00,0.000000000000000000e+00
-5.525444465427330698e+00,-5.524966307221927053e+00,-5.365726846845062958e+00,-5.567238601849419766e+00,-1.020505150078969336e+01,-8.886854238321053145e+00
-3.594793577323340816e+00,3.801029838103699099e+00,-3.520785781123638714e+00,-3.510284464728441467e+00,-7.631263289219674562e+00,-5.573333881805683454e+00
-5.071429882185748639e+00,-5.519682444810252164e-01,-5.028884829258307043e+00,-5.037037118158319338e+00,-9.038917584718987541e+00,-8.635715512967626850e+00
-8.422794625251476930e+00,-5.180552771379226762e+00,-8.396248462988525674e+00,-8.373885847209582067e+00,-1.173794539994045749e+01,-1.015585064979104679e+01
0.000000000000000000e+00,0.000000000000000000e+00,0.000000000000000000e+00,0.000000000000000000e+00,0.000000000000000000e+00,0.000000000000000000e+00
-7.435038343146567641e+00,-2.813859811115620335e+00,-7.377046663373731050e+00,-7.489124540685918596e+00,-1.006286368124385966e+01,-9.020228485599096402e+00
9.608401787104329017e+00,-2.247280768444412935e+00,-4.274884261254075390e+00,-3.378854920485789837e+00,-6.733118427566023634e+00,-8.948806242951961920e+00
1.184416206394436344e+01,-1.358926895459432682e+00,-2.565718239059811889e+00,2.162006075066681410e-01,-7.376632687107289144e+00,-7.139565349949064554e+00
9.615436834199279303e+00,-4.315598582597170996e+00,-3.828077733386766379e+00,-2.822997806341460247e+00,-7.161548447655981420e+00,-6.627144639078565547e+00
0.000000000000000000e+00,0.000000000000000000e+00,0.000000000000000000e+00,0.000000000000000000e+00,0.000000000000000000e+00,0.000000000000000000e+00
-8.271578157576797707e-02,1.297754763261156974e+01,-2.454267556046436205e+00,3.057686591907444740e-01,-7.340402934664505885e+00,-6.126346794024658315e+00
-1.163862914734424603e+00,2.190303065623731893e+00,1.527151135415152083e+01,2.307704949464746580e+00,-2.847630033719999787e+00,-2.618555670863821572e+00
-8.609412361605395247e-03,1.297760673249184116e+01,-2.379688090184114646e+00,-9.477379773488225911e-01,-6.324590686720679145e+00,-6.559024071277076651e+00
1.879999999999997939e+01,5.430064063501568228e+00,1.385131801711094290e+00,5.967382753915618565e+00,2.353424167863031879e-01,1.138875895226039159e+00
0.000000000000000000e+00,0.000000000000000000e+00,0.000000000000000000e+00,0.000000000000000000e+00,0.000000000000000000e+00,0.000000000000000000e+00
-7.573787781006255493e+00,-7.406004864642324215e+00,-7.444132832447494685e+00,-7.416623004143115594e+00,-8.706518486545279600e+00,-1.023433802766621703e+01
-4.714897154832955906e+00,-4.575106579626725178e+00,-4.750954204016986537e+00,-4.713924925294989521e+00,-5.549053906217228160e+00,-6.714251461221855344e+00
-6.776577521611422128e+00,-6.771054773744022981e+00,-6.808509659348019660e+00,-6.616606462966236002e+00,-6.911730437468391663e+00,-7.041641100971288481e+00
-5.324058105863933577e+00,-5.442837536603684079e-01,-5.276354232737304528e+00,-5.312174383813243139e+00,-8.828215972224729313e+00,-8.381928085878293189e+00
0.000000000000000000e+00,0.000000000000000000e+00,0.000000000000000000e+00,0.000000000000000000e+00,0.000000000000000000e+00,0.000000000000000000e+00
-5.281526961086232319e+00,-3.125720077360114590e+00,-5.286971692477324680e+00,-5.294297108169079280e+00,-9.162561010772867220e+00,-1.024644490884996983e+01
-3.403550002151332521e+00,8.595107657261690237e-01,-3.380503557249125102e+00,-3.328972507119642099e+00,-5.738383099921697372e+00,-4.226665488830581907e+00
-5.381712335103072675e+00,-5.312931580406043075e+00,-5.384403646453609582e+00,-4.546642652344432101e+00,-1.059693573728364946e+01,-9.112162616736354082e+00
-8.652838620837647099e+00,-8.551406011012220532e+00,-8.638752727011311805e+00,-8.182452703528717564e+00,-1.285757285517636817e+01,-1.018022533509023120e+01
0.000000000000000000e+00,0.000000000000000000e+00,0.000000000000000000e+00,0.000000000000000000e+00,0.000000000000000000e+00,0.000000000000000000e+00
-7.621749282764932687e+00,-7.591674279335738795e+00,-7.635219195750392096e+00,-7.293687041358055012e+00,-1.239907883408338662e+01,-9.659920236107858216e+00
-4.489596582100207733e+00,-4.582064295144667732e+00,-4.567690754909400574e+00,3.500643921659132296e+00,-7.743042759663369523e+00,-9.887813471487287842e+00
-2.661489960272854116e+00,-2.721346536970386421e+00,-2.664125889309505890e+00,3.277621831917855832e+00,-7.515522023333744528e+00,-5.718789015714408563e+00
-4.291268094158484203e+00,-4.317235971899891389e+00,-4.269537617170493959e+00,5.033784639675040751e+00,-4.644008055690121317e+00,-7.443044540848728019e+00
0.000000000000000000e+00,0.000000000000000000e+00,0.000000000000000000e+00,0.000000000000000000e+00,0.000000000000000000e+00,0.000000000000000000e+00
-2.504761170011063687e+00,-2.165667805238522092e+00,-2.476207442636167322e+00,-2.462113945847515417e+00,-8.617833923630323412e+00,-8.469249788967550430e+00
-4.515814829947533693e-01,1.643587953778177280e+01,5.726848212901240132e+00,8.018200162495638939e-01,-2.248397106314224736e+00,-1.148400772870038500e+00
-2.522238357884804216e+00,-2.519156853860375467e+00,-2.542116401379205470e+00,1.308016495656189049e-01,-4.454690131414277943e+00,-5.973443798839957353e+00
-2.617690830399999613e-01,-5.226053041360451124e-01,-2.997001000000000248e-01,8.381256691321867791e+00,-3.473618379297634284e+00,-5.248688916015035844e+00
0.000000000000000000e+00,0.000000000000000000e+00,0.000000000000000000e+00,0.000000000000000000e+00,0.000000000000000000e+00,0.000000000000000000e+00
-5.980275193054052529e+00,-5.606019613462540185e+00,-5.911852252436372801e+00,-5.944090279586691672e+00,-8.651868558605647408e+00,-1.118450048914690598e+01
-2.659906734104318105e+00,-7.669665621598031890e-01,-2.730345967210121572e+00,-2.718724051904557015e+00,-6.703474560544899319e+00,-4.351050985229113266e+00
-4.812875921908593035e+00,-4.806987469225764364e+00,-4.748853409954624460e+00,-4.769045973549061124e+00,-6.843283121414865278e+00,-8.271726501301884582e+00
-7.998395800772755138e+00,-7.995535514787027509e+00,-8.039242339315119779e+00,-8.103921764250031856e+00,-9.354464563419384149e+00,-8.778856269348219499e+00
0.000000000000000000e+00,0.000000000000000000e+00,0.000000000000000000e+00,0.000000000000000000e+00,0.000000000000000000e+00,0.000000000000000000e+00
-7.284491191991547154e+00,-7.326612940961634735e+00,-7.268658645588803147e+00,-7.245899153288551275e+00,-1.154608035199787963e+01,-9.005451213473840255e+00
-5.635643767228540213e+00,-5.645236202876094289e+00,-5.697959925906197931e+00,-5.639146380988257157e+00,-8.010784567228016684e+00,-8.328848949480033070e+00
-1.940392355698747462e+00,-1.871586982018929479e+00,4.653863102753127423e-01,-1.111841858871566391e+00,1.411602159345925678e+01,-8.387416507740095284e+00
-3.353863211807310840e+00,-3.441025690810034288e+00,-3.781271923916732280e+00,-3.272154509239165066e+00,9.611918030033011817e+00,-1.007030490199974970e+01
0.000000000000000000e+00,0.000000000000000000e+00,0.000000000000000000e+00,0.000000000000000000e+00,0.000000000000000000e+00,0.000000000000000000e+00
-5.769866184974747902e-01,-3.286516595059537416e+00,-1.344129332680975342e+00,-4.012001402872190425e+00,1.072843798783159031e+01,-7.199154046458386524e+00
-7.246350499952981750e+00,-7.276147944515981791e+00,-7.294987353455236523e+00,-7.280882140105188860e+00,-1.007048338181155245e+01,-1.065747692104144129e+01
-5.377443241473501168e+00,-5.138139755176277745e+00,-5.430118251671558482e+00,-5.517396605767344475e+00,-6.011059054814322344e+00,-7.447729657192448727e+00
-6.960854167811707960e+00,-6.944635069745104694e+00,-6.940952478854677032e+00,-6.931560746583155463e+00,-8.372638079357109575e+00,-9.514710171461796762e+00
0.000000000000000000e+00,0.000000000000000000e+00,0.000000000000000000e+00,0.000000000000000000e+00,0.000000000000000000e+00,0.000000000000000000e+00
-9.947838999967495432e-02,1.527119229729939320e+01,3.885570547759252591e+00,1.794043257865006957e+00,-5.962461445577731389e+00,-1.457891862110347603e+00
-1.818079560123434746e+00,1.072771139669126939e+01,-3.833621310701926355e+00,-2.825853763104648309e+00,-4.854503748489570114e+00,-3.814085530286849490e+00
9.572569318570048225e+00,5.119081961681934523e+00,5.028628568330949733e+00,1.211867992515161063e+01,1.240388991421136566e+00,1.999999999999998934e+01
-3.260549473563789213e+00,1.184768386212416758e+01,-5.497968039976075527e-01,-1.920447375221475905e+00,-9.567887086874488745e+00,-2.077277160525845545e+00
0.000000000000000000e+00,0.000000000000000000e+00,0.000000000000000000e+00,0.000000000000000000e+00,0.000000000000000000e+00,0.000000000000000000e+00
-6.341985618362389943e+00,-5.822645538811401345e+00,-6.380429883444279859e+00,-6.393243391598906200e+00,-9.879876953630711611e+00,-7.982535280682750312e+00
-3.806095599317974365e+00,-2.969382923754311232e+00,-3.785084308295118660e+00,-3.816132507242523619e+00,-7.637843859650121914e+00,-5.805802753124229554e+00
-5.776326344884599173e+00,-2.725521633619611528e+00,-5.717024647099787416e+00,-5.794760183508244289e+00,-6.895465248002619063e+00,-8.494747702723529414e+00
-6.696529827239495525e+00,-6.760973532050904566e+00,-6.728776353167518209e+00,-6.748074017665866009e+00,-1.009554235393784971e+01,-9.584693981709223820e+00
0.000000000000000000e+00,0.000000000000000000e+00,0.000000000000000000e+00,0.000000000000000000e+00,0.000000000000000000e+00,0.000000000000000000e+00
-6.683584680819325108e+00,-6.677725528521608389e+00,-6.654742955359268741e+00,-6.625940372198297901e+00,-9.846808976837124305e+00,-1.021805424923291028e+01
-4.563121341624718497e+00,-4.410280586113803913e+00,-4.546693071731164437e+00,-4.554108051063563423e+00,-6.998167778307397668e+00,-8.067943421881754062e+00
-4.408574189505189977e+00,-3.784143173243334601e+00,-4.367399007608872452e+00,-4.369112922007727384e+00,-7.709658265958734269e+00,-9.476570703493354841e+00
-7.501602399944908406e+00,-7.220872637325853383e+00,-7.572032605938890271e+00,-7.486708114477137244e+00,-1.252226431700395715e+01,-1.000932814548575855e+01
0.000000000000000000e+00,0.000000000000000000e+00,0.000000000000000000e+00,0.000000000000000000e+00,0.000000000000000000e+00,0.000000000000000000e+00
-6.748115115624307769e+00,-4.666406236650459505e+00,-6.756423320643033748e+00,-6.797869093914393979e+00,-7.718429511936733434e+00,-1.125729405463326849e+01
-6.506390834126714040e+00,-6.296292423082306300e+00,-6.526933523506381007e+00,-6.519564136805753307e+00,-1.176828652812487341e+01,-1.097104966328220854e+01
-4.600125292515715891e+00,-4.482185634775507133e+00,-4.541578845091907901e+00,-4.547284783624080617e+00,-6.946859372289053702e+00,-6.565560697853659811e+00
-6.302523995878482665e+00,-5.916724060318916401e+00,-6.304247506957187497e+00,-6.360686761748192808e+00,-1.024861314318475181e+01,-1.010962481986205397e+01
0.000000000000000000e+00,0.000000000000000000e+00,0.000000000000000000e+00,0.000000000000000000e+00,0.000000000000000000e+00,0.000000000000000000e+00
-1.025926102628580860e+00,-1.079259024015314150e+00,-1.029026559644927286e+00,-1.143552876091526560e+00,-2.776589794810000011e+00,-4.202387591941089795e+00
-1.671174218145917489e+00,-1.761874692355298144e+00,-1.712018880214868588e+00,-1.728539265764809318e+00,-6.090684925983236297e+00,-7.244264441542216382e+00
-1.152962887820987881e+00,-1.163784584792553645e+00,-1.121352509551463816e+00,-1.075769793320735079e+00,-4.962370738303159001e+00,-5.429170473549312703e+00
-1.359179655996097136e+00,-1.373622277310566631e+00,-1.298186638477931032e+00,-1.346153073048010018e+00,-4.819799210139350976e+00,-3.554866819788784049e+00
0.000000000000000000e+00,0.000000000000000000e+00,0.000000000000000000e+00,0.000000000000000000e+00,0.000000000000000000e+00,0.000000000000000000e+00
-6.380449668161043419e+00,-6.392936627738045274e+00,-6.401838576452731466e+00,-6.429512617534852481e+00,-8.724155920803461584e+00,-8.891017195309018462e+00
-3.784012974942806640e+00,-3.224951339713412857e+00,-3.812069068234886782e+00,-3.788917040794663293e+00,-6.512234773199917726e+00,-6.832562839972371904e+00
-5.893796166909492484e+00,-5.924474047799281884e+00,-5.907109146607382399e+00,-5.847547779924738620e+00,-7.765521050346474219e+00,-8.717789102583690664e+00
-6.645952279814534513e+00,-6.008350576628032513e+00,-6.606763967061760390e+00,-6.651361357763361681e+00,-9.749569774991753590e+00,-6.946087116450000210e+00
0.000000000000000000e+00,0.000000000000000000e+00,0.000000000000000000e+00,0.000000000000000000e+00,0.000000000000000000e+00,0.000000000000000000e+00
-6.570221833603708816e+00,-6.587201300246777080e+00,-6.558553486851002035e+00,-6.544440144146362215e+00,-9.340854289918844700e+00,-1.081856356389285345e+01
-4.470480888658934226e+00,-4.129156697646893193e+00,-4.390151337856647018e+00,-4.478446809796692740e+00,-4.857782689815029364e+00,-6.277547825343656740e+00
-4.335988222455538832e+00,-4.394068143362131806e+00,-4.322311023924505946e+00,-4.352256628582322762e+00,-1.012293078035938976e+01,-9.501799534894527000e+00
-7.541555257383596000e+00,-7.547791219612373759e+00,-7.527870867067164795e+00,-7.518624539108591520e+00,-1.212028575318564094e+01,-1.061183223314034230e+01
0.000000000000000000e+00,0.000000000000000000e+00,0.000000000000000000e+00,0.000000000000000000e+00,0.000000000000000000e+00,0.000000000000000000e+00
-6.841244091717998188e+00,-6.847583208536482502e+00,-6.853077314491496708e+00,-6.880824990441610112e+00,-9.326113689525570294e+00,-9.425463934954526835e+00
-6.495808554998106388e+00,-6.205526585450012789e+00,-6.529862686643636671e+00,-6.553312863180224213e+00,-9.813537719454039632e+00,-9.708151815628347947e+00
-4.294936071411183498e+00,-3.093787556902932501e+00,-4.348238361061167900e+00,-4.321500949196066088e+00,-5.670564206324666401e+00,-4.542024884161847353e+00
-6.069960168232007902e+00,-5.840658264873333394e+00,-6.130618185816860688e+00,-6.088720760643994367e+00,-8.592338488107680305e+00,-7.850944026194268233e+00
0.000000000000000000e+00,0.000000000000000000e+00,0.000000000000000000e+00,0.000000000000000000e+00,0.000000000000000000e+00,0.000000000000000000e+00
-1.123234236245881590e+00,-1.187989819491941823e+00,-1.149750783414588140e+00,-1.138127566275880964e+00,-2.808703959122607952e+00,-6.366388261967970585e+00
-1.707952595681559327e+00,-1.657100130040260577e+00,-1.596100846350936742e+00,-1.679435125554729513e+00,-4.401465751469270771e+00,-6.610635935122838092e+00
-1.149377113466786726e+00,-1.193883358924189730e+00,-1.195761659459879667e+00,-1.179590079222079257e+00,-4.908052154512961174e+00,-5.518765758580054914e+00
-1.191671672717184993e+00,-1.216077843081359910e+00,-1.205740552176979064e+00,-1.282387510385179397e+00,-4.935283487217681397e+00,-4.296705696361958537e+00
0.000000000000000000e+00,0.000000000000000000e+00,0.000000000000000000e+00,0.000000000000000000e+00,0.000000000000000000e+00,0.000000000000000000e+00
-7.577988928877939401e+00,-7.531474696340036523e+00,-7.544557820331355913e+00,-7.523653294619248477e+00,-9.129219795423331618e+00,-7.505214913939772359e+00
-4.734562674747180289e+00,-3.761611944261688212e+00,-4.756022187860644124e+00,-4.798365230516608015e+00,-5.111366139068525882e+00,-8.771309802519729359e+00
-6.884122539644577543e+00,-6.614681493237951848e+00,-6.921143065382628912e+00,-6.921146004761655313e+00,-7.739991628348288799e+00,-7.154647413771096254e+00
-5.648624312232923828e+00,-5.593364706707846246e+00,-5.634816363093552383e+00,-5.638839277955709939e+00,-1.112815041339241340e+01,-9.054137105464551638e+00
0.000000000000000000e+00,0.000000000000000000e+00,0.000000000000000000e+00,0.000000000000000000e+00,0.000000000000000000e+00,0.000000000000000000e+00
-5.670179472511761354e+00,-5.742290126014582441e+00,-5.742376893550533268e+00,-5.691986166149262338e+00,-9.853417614476470021e+00,-1.001209789086687785e+01
-3.724848127011052945e+00,-2.189457675563333705e+00,-3.755873571540516043e+00,-3.803235770744464173e+00,-5.335402507577334141e+00,-5.110890823288712248e+00
-5.318127064915086244e+00,-4.787757653575816619e+00,-5.288955436080776451e+00,-5.369988212439834818e+00,-8.648849524565729752e+00,-9.693957729631824449e+00
-8.736691437510485159e+00,-8.582964889899189487e+00,-8.766190428159408299e+00,-8.734782904667733661e+00,-9.854533484951126354e+00,-9.726456943086216000e+00
0.000000000000000000e+00,0.000000000000000000e+00,0.000000000000000000e+00,0.000000000000000000e+00,0.000000000000000000e+00,0.000000000000000000e+00
-7.651574750530227398e+00,-7.080531383709089965e+00,-7.655363535803573427e+00,-7.677853660468159980e+00,-1.006055800061328753e+01,-1.043542159983062589e+01
7.781687350694758143e-01,-2.514294850465422559e+00,-3.527872203925456862e+00,-3.613421723659831386e+00,1.072649336414220400e+01,-9.203901326205643940e+00
-6.875825954088649050e-01,-1.834385028641193793e+00,-1.628725057420902456e+00,5.069647971965378641e-01,1.297695625829365618e+01,-6.502863631434911085e+00
-1.923172399612274930e+00,-1.196094095337097984e+00,-3.688311418502004280e+00,-1.957145003880357281e+00,1.072814480946956373e+01,-8.564585792076639947e+00
0.000000000000000000e+00,0.000000000000000000e+00,0.000000000000000000e+00,0.000000000000000000e+00,0.000000000000000000e+00,0.000000000000000000e+00
-3.630246661511415951e-01,1.184728257034382182e+01,-3.155254155563765650e+00,-1.638276681151578984e+00,-7.954214559093190751e+00,-9.017557682441631473e-01
1.216061480518804361e+00,1.411870166024426787e+01,-1.177328736556442657e+00,7.559391974086615562e-03,-1.958275512374878957e+00,-8.374985673945677389e-01
-2.909672604564870202e+00,1.184767941684294001e+01,-3.035032210464929214e+00,-2.932255692518058954e+00,-6.065139735497407258e+00,-1.615459383384937553e+00
1.153087527680803603e+01,8.392910795839863880e+00,2.353774552588853819e+00,9.044306755539153642e+00,4.515756731522388989e+00,1.999999999999998934e+01
0.000000000000000000e+00,0.000000000000000000e+00,0.000000000000000000e+00,0.000000000000000000e+00,0.000000000000000000e+00,0.000000000000000000e+00
-7.583628916878243587e+00,-7.529579510775834983e+00,-7.544912425841273418e+00,-7.591202227925048618e+00,-8.911152675994467032e+00,-9.129957278655059127e+00
-4.898974969992222483e+00,-4.920848635348223254e+00,-4.914368405434540676e+00,-4.911401405794335595e+00,-7.405970208164498914e+00,-8.349440439711633744e+00
-7.004223146935100175e+00,-6.995394365962987138e+00,-6.970238201536062661e+00,-6.982842357852499404e+00,-9.074898488267146845e+00,-7.854877361869140984e+00
-5.468177187249697369e+00,-4.629137062621641263e+00,-5.430123616421179022e+00,-5.454176744380864861e+00,-9.576318760694761067e+00,-9.834993087356341590e+00
0.000000000000000000e+00,0.000000000000000000e+00,0.000000000000000000e+00,0.000000000000000000e+00,0.000000000000000000e+00,0.000000000000000000e+00
-5.672900165288391250e+00,-5.459169777700103587e+00,-5.599883173500512790e+00,-5.596142321746238935e+00,-9.873883240274626161e+00,-8.300109374228938464e+00
-3.735746604475881583e+00,-3.386048536764961980e+00,-3.729463708061733218e+00,-3.766163659411705389e+00,-7.396171623792318073e+00,-6.531270770711040008e+00
-5.541223207529547778e+00,-5.578691791179050341e+00,-5.527226661445981293e+00,-5.550834619749653420e+00,-9.101414424795144953e+00,-8.747508072098858278e+00
-8.768986367716205876e+00,-8.826940785926082000e+00,-8.786457458793355713e+00,-8.824701791491664338e+00,-9.850166369677261002e+00,-9.554094570025595701e+00
0.000000000000000000e+00,0.000000000000000000e+00,0.000000000000000000e+00,0.000000000000000000e+00,0.000000000000000000e+00,0.000000000000000000e+00
-7.701233382111141168e+00,-7.688234225531633825e+00,-7.667702925544947590e+00,-7.725449442824672275e+00,-1.119722001754387009e+01,-9.613381868222193205e+00
-3.726361034466141309e+00,-4.227844922587314258e+00,-4.127865227038935103e+00,1.584807460306672855e+00,-8.395548340026273593e+00,-6.725961293235448224e+00
-2.307927938631406217e+00,-2.343911081015608744e+00,-2.350244962264881110e+00,4.493209745877384975e+00,-7.301133651173137729e+00,-8.761345268227731964e+00
-3.937497210388421820e+00,-3.977786065460171550e+00,-3.952322180747196878e+00,1.541589864408237531e+00,-8.135486449596022851e+00,-8.728534657197764446e+00
0.000000000000000000e+00,0.000000000000000000e+00,0.000000000000000000e+00,0.000000000000000000e+00,0.000000000000000000e+00,0.000000000000000000e+00
-2.817896661551031023e+00,-2.811982837285222026e+00,-2.765351926724116893e+00,-1.414879974687110575e+00,-7.914903026266769892e+00,-9.324371426550634112e+00
-1.050627873311882565e+00,4.712051396907328993e+00,-1.068448251849082986e+00,-1.033987566532875491e+00,-4.176253485702190460e+00,-5.971302856436388140e+00
-2.815760004616291390e+00,-2.781208428830516333e+00,-2.853810388515965357e+00,-1.413799520164018553e+00,-7.621931681286078231e+00,-4.525811933598977710e+00
-2.202585400000000027e-01,-3.580066600083046113e-01,-1.628343999999999903e-01,9.514167366491768973e+00,-9.902980000000000116e-01,-1.872834400000000121e+00
